run_id,campaign,benchmark,profile,cores,threads,rep,node,job_id,benchmark_duration_s,rapl_duration_s,rapl_samples,rapl_energy_j,rapl_avg_power_w,rapl_peak_power_w,vampire_device,vampire_duration_s,vampire_capture_window_s,vampire_samples,vampire_energy_j,vampire_avg_power_w,vampire_peak_power_w,vampire_minus_rapl_j,rapl_coverage_percent,external_internal_ratio,work,throughput,throughput_unit,process_outputs,rapl_energy_efficiency,external_energy_efficiency
20260723_101645_idle_c_p1_r1,hpc_tfg_main_campaign,idle,p1,1,1,1,compute-0-4,9739,120.549404,120.549404,104,2858.098335,23.70336335576923,28.322573,hpm4,120.124917768,168.252790528,24,10926.243686594742,90.95734581643457,93.4,8068.145351594741,26.158105356066343,3.8229068443142777,,,,0,,
20260723_101937_memory-stream-hpc_c_p1_r1,hpc_tfg_main_campaign,memory-stream-hpc,p1,1,1,1,compute-0-4,9740,120.040423,120.394548,104,8922.928513,74.11449691346154,76.944181,hpm4,120.508984107,168.219069952,24,18757.942044594787,155.65596360798793,162.0,9835.013531594786,47.568803079713085,2.1022181246062828,1196400000000.0,9.966642653366858,GB/s,1,134081540.41096932,63780983.92433992
20260723_102229_memory-stream-hpc_c_p1_r2,hpc_tfg_main_campaign,memory-stream-hpc,p1,1,1,2,compute-0-4,9741,120.021342,120.912675,104,8952.612396,74.04369597115382,76.968376,hpm4,120.498919567,168.80691328,24,18850.18181593615,156.43444674584856,160.4,9897.56941993615,47.49350687127784,2.105550981337956,1192800000000.0,9.93823248535248,GB/s,1,133234853.38569325,63277904.24767117
20260723_102520_memory-stream-hpc_c_p1_r3,hpc_tfg_main_campaign,memory-stream-hpc,p1,1,1,3,compute-0-4,9742,120.06417,120.758192,104,8937.041392,74.00761557692306,74.951388,hpm4,120.508261157,168.219346944,24,18853.67093342501,156.451273567562,160.7,9916.629541425013,47.402128866882,2.1096098928558047,1207200000000.0,10.054623290195568,GB/s,1,135078259.91279688,64029970.8350058
20260723_102812_memory-stream-hpc_c_p1_r4,hpc_tfg_main_campaign,memory-stream-hpc,p1,1,1,4,compute-0-4,9743,120.00926,120.336914,102,8914.379767,74.07313397058822,75.025244,hpm4,120.458325473,167.703358976,24,18893.331723260944,156.84537908918358,160.1,9978.951956260944,47.18267745240964,2.119421902261991,1204800000000.0,10.039225306447186,GB/s,1,135152420.18968385,63768530.4872239
20260723_103103_memory-stream-hpc_c_p1_r5,hpc_tfg_main_campaign,memory-stream-hpc,p1,1,1,5,compute-0-4,9744,120.080578,121.340976,105,8961.127877,73.8490985333333,74.948952,hpm4,120.525919831,168.737969408,24,18804.711202917777,156.0221339051842,159.2,9843.583325917776,47.653632009033856,2.098475935287423,1207200000000.0,10.053249410574955,GB/s,1,134715185.02692604,64196678.53302041
20260723_103355_memory-stream-hpc_c_p2_r1,hpc_tfg_main_campaign,memory-stream-hpc,p2,2,2,1,compute-0-4,9745,120.067573,121.148289,104,10314.667563,85.14008986538462,85.936936,hpm4,120.653344563,168.723123712,24,20621.360747370476,170.91412444520248,172.7,10306.693184370475,50.0193352386567,1.9992268894192837,2394000000000.0,19.938772311155155,GB/s,2,232096670.62732846,116093211.75884429
20260723_103648_memory-stream-hpc_c_p2_r2,hpc_tfg_main_campaign,memory-stream-hpc,p2,2,2,2,compute-0-4,9746,120.111346,120.66893400000001,104,10260.792214,85.03217889423078,85.564541,hpm4,120.651276263,168.251900672,24,20520.05920522322,170.077431758723,173.4,10259.266991223221,50.0037164190452,1.9998513542867873,2391600000000.0,19.911524428341682,GB/s,2,233081418.0933184,116549371.32887204
20260723_103940_memory-stream-hpc_c_p2_r3,hpc_tfg_main_campaign,memory-stream-hpc,p2,2,2,3,compute-0-4,9747,120.11032,120.864112,104,10288.391875,85.12659308653846,85.868829,hpm4,120.600884797,168.253002752,24,20538.678523263792,170.3028842436378,171.7,10250.286648263793,50.0927645532137,1.9962962893327576,2396400000000.0,19.951657775951308,GB/s,2,232922698.62145004,116677419.0114345
20260723_104233_memory-stream-hpc_c_p2_r4,hpc_tfg_main_campaign,memory-stream-hpc,p2,2,2,4,compute-0-4,9748,120.082586,121.049186,104,10318.901746,85.24269950961533,85.97248,hpm4,120.641883619,168.715939328,24,20588.037262939895,170.65414303343542,172.8,10269.135516939896,50.1208620045333,1.9951771777379899,2396400000000.0,19.956265765295896,GB/s,2,232234016.66063312,116397691.01806079
20260723_104524_memory-stream-hpc_c_p2_r5,hpc_tfg_main_campaign,memory-stream-hpc,p2,2,2,5,compute-0-4,9749,120.094867,120.910439,104,10323.024476,85.37742906730772,86.095547,hpm4,120.665470913,168.259130112,24,20595.46163527477,170.68231267355787,172.4,10272.437159274768,50.12281180587521,1.9950995643919238,2390400000000.0,19.90426451781657,GB/s,2,231560043.81830546,116064404.98065141
20260723_104817_memory-stream-hpc_c_p4_r1,hpc_tfg_main_campaign,memory-stream-hpc,p4,4,4,1,compute-0-4,9750,120.195659,120.760333,103,11126.964252,92.14090853398059,92.699789,hpm4,120.881244813,168.215660032,24,21601.849970326828,178.7030734481954,180.8,10474.885718326828,51.50931178248366,1.9413965463620533,2703600000000.0,22.493324821323203,GB/s,4,242977324.16225255,125155947.46347067
20260723_105108_memory-stream-hpc_c_p4_r2,hpc_tfg_main_campaign,memory-stream-hpc,p4,4,4,2,compute-0-4,9751,120.097066,121.084281,104,11122.982389,91.86156749038462,92.454269,hpm4,120.838101349,168.743079424,24,21634.49615053224,179.03704137197846,180.5,10511.513761532238,51.41317972744357,1.9450265579785084,2702400000000.0,22.501798670085748,GB/s,4,242956421.7122667,124911621.75429341
20260723_105400_memory-stream-hpc_c_p4_r3,hpc_tfg_main_campaign,memory-stream-hpc,p4,4,4,3,compute-0-4,9752,120.148719,121.689289,104,11171.792506,91.80818489423079,95.259014,hpm4,121.210053736,169.30661888,24,21665.472141030194,178.7431939286026,180.6,10493.679635030194,51.564962135502206,1.9393013367724459,2688000000000.0,22.372273482166715,GB/s,4,240605972.4575411,124068378.59348795
20260723_105652_memory-stream-hpc_c_p4_r4,hpc_tfg_main_campaign,memory-stream-hpc,p4,4,4,4,compute-0-4,9753,120.107436,121.128517,104,11114.872913,91.76104280769233,93.204326,hpm4,120.974975158,168.759614464,24,21586.32325810041,178.4362694012334,180.8,10471.45034510041,51.49034775447028,1.9421115677222867,2691600000000.0,22.409936383955444,GB/s,4,242162013.1033522,124690062.67614192
20260723_105944_memory-stream-hpc_c_p4_r5,hpc_tfg_main_campaign,memory-stream-hpc,p4,4,4,5,compute-0-4,9754,120.043813,121.797749,101,11206.604428,92.00944504950498,92.984904,hpm4,121.050027912,169.319156224,24,21663.115445766252,178.9600202448093,180.8,10456.511017766252,51.73126855209633,1.9330668433018283,2680800000000.0,22.33184645675992,GB/s,4,239216081.66180557,123749513.6242707
20260723_110237_memory-stream-hpc_c_p6_r1,hpc_tfg_main_campaign,memory-stream-hpc,p6,6,6,1,compute-0-4,9755,120.168449,122.07032099999999,104,11670.441621,95.60264788461538,96.311549,hpm4,121.931286898,169.797981696,24,22335.930935078755,183.18457471677127,184.8,10665.489314078755,52.24963156861969,1.913889093527282,2664000000000.0,22.168880618572352,GB/s,6,228268996.71100286,119269709.7668836
20260723_110530_memory-stream-hpc_c_p6_r2,hpc_tfg_main_campaign,memory-stream-hpc,p6,6,6,2,compute-0-4,9756,120.260739,122.219745,104,11641.189132,95.2469162115385,96.078923,hpm4,121.837790597,169.804012032,24,22239.58695663464,182.5343914040267,184.9,10598.397824634641,52.34444845895455,1.9104222691048915,2671200000000.0,22.21173778085631,GB/s,6,229461094.5420726,120110144.36592817
20260723_110823_memory-stream-hpc_c_p6_r3,hpc_tfg_main_campaign,memory-stream-hpc,p6,6,6,3,compute-0-4,9757,120.313029,122.137411,104,11637.963127,95.29292945192304,96.309242,hpm4,121.912351618,169.827929088,24,22294.045782670717,182.86945897431994,185.1,10656.082655670716,52.2021136964124,1.9156312440059784,2674800000000.0,22.232006144571425,GB/s,6,229834032.8811045,119978223.15764403
20260723_111116_memory-stream-hpc_c_p6_r4,hpc_tfg_main_campaign,memory-stream-hpc,p6,6,6,4,compute-0-4,9758,120.264993,122.347461,104,11694.606842,95.59333526923078,96.52118,hpm4,121.768379918,170.275327744,24,22320.009039117107,183.29889133901278,185.1,10625.402197117108,52.39517072553387,1.9085728439332437,2668800000000.0,22.190996177915213,GB/s,6,228207757.30700704,119569844.04991834
20260723_111410_memory-stream-hpc_c_p6_r5,hpc_tfg_main_campaign,memory-stream-hpc,p6,6,6,5,compute-0-4,9759,120.127953,121.439931,103,11571.224772,95.28010991262134,96.167407,hpm4,121.184167862,169.323409408,24,22175.71582892494,182.99185628091135,185.1,10604.491056924939,52.17971253449708,1.916453639599642,2674800000000.0,22.266258045702315,GB/s,6,231159626.80739462,120618428.76391478
20260723_111703_memory-stream-hpc_c_p8_r1,hpc_tfg_main_campaign,memory-stream-hpc,p8,8,8,1,compute-0-4,9760,120.370756,122.037175,103,12226.279613,100.18768160194178,100.735754,hpm4,121.900180013,169.768819712,24,22890.671217035757,187.78209527331782,190.4,10664.391604035756,53.411625622847296,1.872251571336262,2668800000000.0,22.171498200110996,GB/s,8,218283900.29312834,116588979.61951497
20260723_111956_memory-stream-hpc_c_p8_r2,hpc_tfg_main_campaign,memory-stream-hpc,p8,8,8,2,compute-0-4,9761,120.42708,123.370143,104,12290.099824,99.62690342307693,100.817452,hpm4,122.58177693,170.7800896,24,23044.075399943427,187.9894057426063,190.5,10753.975575943427,53.333013413201094,1.8750112472596159,2667600000000.0,22.15116400729803,GB/s,8,217052752.88250577,115760773.80854903
20260723_112251_memory-stream-hpc_c_p8_r3,hpc_tfg_main_campaign,memory-stream-hpc,p8,8,8,3,compute-0-4,9762,120.400879,122.697653,104,12304.642634,100.29019625000004,100.936913,hpm4,122.546524942,170.322324224,24,23196.42724340263,189.28669951580642,191.2,10891.784609402632,53.04542162845187,1.8851768339298713,2666400000000.0,22.146017721349025,GB/s,8,216698694.90010577,114948736.37311363
20260723_112545_memory-stream-hpc_c_p8_r4,hpc_tfg_main_campaign,memory-stream-hpc,p8,8,8,4,compute-0-4,9763,120.335766,123.46525799999999,105,12317.317589,99.78056492380954,100.754038,hpm4,122.611785851,171.333541376,25,23061.277655076294,188.0836943611666,190.9,10743.960066076294,53.41125402168985,1.8722645972586762,2677200000000.0,22.24774968399669,GB/s,8,217352518.57034826,116090705.81614932
20260723_112839_memory-stream-hpc_c_p8_r5,hpc_tfg_main_campaign,memory-stream-hpc,p8,8,8,5,compute-0-4,9764,120.359094,122.87151,103,12244.933314,99.64820715533982,101.125623,hpm4,122.176135631,170.856772864,24,22991.522564334075,188.18341606231314,191.2,10746.589250334075,53.25847072431439,1.8776355881046063,2673600000000.0,22.213527130737624,GB/s,8,218343369.5750056,116286339.56358592
20260723_113133_memory-stream-hpc_c_p12_r1,hpc_tfg_main_campaign,memory-stream-hpc,p12,12,12,1,compute-0-4,9765,120.49052,124.52529,104,13584.955273,109.08363017307698,110.636263,hpm4,123.540808324,172.40043136,25,24541.087808193683,198.64762211877272,202.4,10956.132535193683,55.35596212839558,1.806490144061712,2688000000000.0,22.308809024975574,GB/s,12,197865944.0522694,109530597.05456664
20260723_113429_memory-stream-hpc_c_p12_r2,hpc_tfg_main_campaign,memory-stream-hpc,p12,12,12,2,compute-0-4,9766,120.540896,124.181253,104,13588.994569,109.4298796538462,110.691175,hpm4,123.600057919,171.7963648,25,24601.16744636556,199.03847830304156,202.1,11012.172877365561,55.23719392027293,1.810374367393388,2691600000000.0,22.329351193805625,GB/s,12,198072049.1374861,109409441.88393149
20260723_113724_memory-stream-hpc_c_p12_r3,hpc_tfg_main_campaign,memory-stream-hpc,p12,12,12,3,compute-0-4,9767,120.529524,124.255764,104,13598.736854,109.45334006730769,110.561154,hpm4,123.922608363,171.776994816,25,24659.802775378095,198.99357430521013,202.6,11061.065921378095,55.14535934398404,1.8133892169642607,2688000000000.0,22.30158977480074,GB/s,12,197665417.6677695,109003304.87167841
20260723_114020_memory-stream-hpc_c_p12_r4,hpc_tfg_main_campaign,memory-stream-hpc,p12,12,12,4,compute-0-4,9768,120.370361,122.622474,103,13460.96914,109.78494822330092,110.432247,hpm4,122.638793454,170.222201856,24,24393.01154842064,198.9012681992024,202.1,10932.04240842064,55.183711585917514,1.812128925839038,2682000000000.0,22.28123250373902,GB/s,12,199242712.17815155,109949523.64435092
20260723_114314_memory-stream-hpc_c_p12_r5,hpc_tfg_main_campaign,memory-stream-hpc,p12,12,12,5,compute-0-4,9769,120.553119,123.60356,104,13542.454956,109.56209735576924,110.784266,hpm4,123.353945107,171.265136128,25,24593.84204930898,199.37620988105184,202.6,11051.38709330898,55.06441380264336,1.81605492720599,2684400000000.0,22.267362489393577,GB/s,12,198221076.51247337,109149273.81488264
20260723_114614_compute-dgemm-hpc_c_p1_r1,hpc_tfg_main_campaign,compute-dgemm-hpc,p1,1,1,1,compute-0-4,9770,122.431851,122.824709,105,9185.795149,74.78820553333333,75.779008,hpm4,122.62463426,170.75389824,24,18972.72415632078,154.72196325652698,158.7,9786.92900732078,48.41579455494136,2.065441679089286,81604378624.0,0.6665289951713628,GFLOP/s,1,8883757.725958407,4301141.889358752
20260723_114908_compute-dgemm-hpc_c_p1_r2,hpc_tfg_main_campaign,compute-dgemm-hpc,p1,1,1,2,compute-0-4,9771,123.027736,123.130294,106,9245.930981,75.09066586792453,75.547507,hpm4,123.216168727,170.73698432,25,18939.585842697277,153.71023168769491,156.6,9693.654861697278,48.8180209313555,2.048423883070005,83751862272.0,0.680755941668308,GFLOP/s,1,9058240.045713792,4422053.521528984
20260723_115201_compute-dgemm-hpc_c_p1_r3,hpc_tfg_main_campaign,compute-dgemm-hpc,p1,1,1,3,compute-0-4,9772,121.41015,121.78224,105,9111.127493,74.81427047619049,75.477279,hpm4,121.591955216,169.728065792,24,18562.764216684503,152.66441092841208,157.8,9451.636723684504,49.08281647412607,2.037372897146496,79456894976.0,0.6544501837449339,GFLOP/s,1,8720863.036659958,4280445.199243704
20260723_115454_compute-dgemm-hpc_c_p1_r4,hpc_tfg_main_campaign,compute-dgemm-hpc,p1,1,1,4,compute-0-4,9773,121.225108,121.66496,104,9114.936016,74.91786584615383,78.366496,hpm4,121.41100474,169.713755904,24,18569.90704513272,152.95077316014246,155.5,9454.971029132721,49.08444610867924,2.0373052550819706,81604378624.0,0.6731640001838562,GFLOP/s,1,8952819.688558964,4394441.955237949
20260723_115748_compute-dgemm-hpc_c_p1_r5,hpc_tfg_main_campaign,compute-dgemm-hpc,p1,1,1,5,compute-0-4,9774,122.641434,123.014544,106,9193.861596,74.73925235849057,77.229659,hpm4,122.825742394,170.846885632,24,18802.143985192262,153.07983179030018,155.9,9608.282389192262,48.89794271994023,2.0450758137769407,81604378624.0,0.6653899580463156,GFLOP/s,1,8875963.355757264,4340163.477541072
20260723_120042_compute-dgemm-hpc_c_p2_r1,hpc_tfg_main_campaign,compute-dgemm-hpc,p2,2,2,1,compute-0-4,9775,122.928876,123.51469,107,10596.774996,85.79084857943923,90.936132,hpm4,123.070216633,171.281987584,25,20515.873070444955,166.7005521865949,170.5,9919.098074444955,51.65159171931928,1.9360487580598011,167503724544.0,1.362606817815531,GFLOP/s,2,15807047.39010012,8164591.580813827
20260723_120337_compute-dgemm-hpc_c_p2_r2,hpc_tfg_main_campaign,compute-dgemm-hpc,p2,2,2,2,compute-0-4,9776,122.545442,122.810222,106,10591.488633,86.24886500943393,86.937655,hpm4,122.685577651,170.291574016,24,20425.09115912435,166.48322932649015,170.2,9833.602526124349,51.855282066971554,1.9284438540098792,171798691840.0,1.4019182520064681,GFLOP/s,2,16220448.115737498,8411159.122942453
20260723_120630_compute-dgemm-hpc_c_p2_r3,hpc_tfg_main_campaign,compute-dgemm-hpc,p2,2,2,3,compute-0-4,9777,121.718223,122.782616,106,10520.502791,85.67745654716981,88.172569,hpm4,121.87482697,170.326021376,24,20247.334416407775,166.13221056216753,172.9,9726.831625407774,51.95993988460294,1.9245595784384764,163208757248.0,1.3408736442693547,GFLOP/s,2,15513398.97819528,8060752.783128873
20260723_120924_compute-dgemm-hpc_c_p2_r4,hpc_tfg_main_campaign,compute-dgemm-hpc,p2,2,2,4,compute-0-4,9778,122.270205,123.137243,106,10579.139848,85.92680464150943,87.010498,hpm4,122.424612999,170.329608704,24,20353.948922766293,166.25700032176167,172.0,9774.809074766292,51.97585927007522,1.9239701162107457,169651208192.0,1.3875106220031284,GFLOP/s,2,16036389.595896378,8335051.288364086
20260723_121217_compute-dgemm-hpc_c_p2_r5,hpc_tfg_main_campaign,compute-dgemm-hpc,p2,2,2,5,compute-0-4,9779,123.050699,123.970988,107,10631.40357,85.75674172897195,86.833086,hpm4,123.204779477,171.335365888,24,20541.364729900088,166.72538855308588,171.3,9909.961159900087,51.756072246382395,1.932140436081676,171798691840.0,1.3961618522784662,GFLOP/s,2,16159549.462009558,8363548.094247564
20260723_121512_compute-dgemm-hpc_c_p4_r1,hpc_tfg_main_campaign,compute-dgemm-hpc,p4,4,4,1,compute-0-4,9780,123.243539,123.744502,106,12074.183628,97.57984830188681,98.711224,hpm4,123.398139577,171.32496768,25,22263.571685863066,180.42064298684727,182.7,10189.388057863065,54.23291374073133,1.8438987157884448,289910292480.0,2.3523366403816106,GFLOP/s,4,24010757.282811135,13021733.28568333
20260723_121807_compute-dgemm-hpc_c_p4_r2,hpc_tfg_main_campaign,compute-dgemm-hpc,p4,4,4,2,compute-0-4,9781,122.984523,123.120608,106,12016.58319,97.61566911320753,98.531974,hpm4,123.13740811,170.810207744,25,22169.67058801931,180.04009446272332,182.5,10153.087398019312,54.20280442278591,1.844922989961784,277025390592.0,2.2525223811454715,GFLOP/s,4,23053590.70975649,12495692.684838854
20260723_122100_compute-dgemm-hpc_c_p4_r3,hpc_tfg_main_campaign,compute-dgemm-hpc,p4,4,4,3,compute-0-4,9782,123.022304,124.005432,107,12221.995872,98.57312402803734,99.681621,hpm4,123.168819919,171.840955392,25,22203.281173156643,180.267060996105,183.1,9981.285301156644,55.04589964286975,1.8166657398423187,317827579904.0,2.5834955903931047,GFLOP/s,4,26004556.312453646,14314441.970326785
20260723_122355_compute-dgemm-hpc_c_p4_r4,hpc_tfg_main_campaign,compute-dgemm-hpc,p4,4,4,4,compute-0-4,9783,123.381824,124.564535,107,12123.85855,97.34216818691587,100.136342,hpm4,123.580707082,172.341809664,25,22202.491442283856,179.65985117362814,186.0,10078.632892283855,54.60584719294404,1.8313057143250697,289910292480.0,2.349700167181837,GFLOP/s,4,23912378.331071835,13057556.77166375
20260723_122651_compute-dgemm-hpc_c_p4_r5,hpc_tfg_main_campaign,compute-dgemm-hpc,p4,4,4,5,compute-0-4,9784,122.421361,123.121205,106,12117.409348,98.4239453301887,100.595652,hpm4,122.558592031,170.842102528,24,22128.315465725544,180.5529510336444,183.9,10010.906117725544,54.75974602209827,1.8261589445583815,304942678016.0,2.4909270369572187,GFLOP/s,4,25165666.130304605,13780654.857724007
20260723_122945_compute-dgemm-hpc_c_p6_r1,hpc_tfg_main_campaign,compute-dgemm-hpc,p6,6,6,1,compute-0-4,9785,122.491576,123.306936,103,13097.729226,106.22221057281554,107.806497,hpm4,122.638301872,170.819311616,24,23577.125760792507,192.24928428477764,195.2,10479.396534792508,55.552696960970614,1.8000926232304528,356482285568.0,2.910259604856419,GFLOP/s,6,27217106.06601603,15119836.454399835
20260723_123239_compute-dgemm-hpc_c_p6_r2,hpc_tfg_main_campaign,compute-dgemm-hpc,p6,6,6,2,compute-0-4,9786,123.084201,123.677367,106,13158.164741,106.39991124528298,107.495919,hpm4,123.229934907,171.267947008,25,23678.672860408173,192.15033164042612,195.4,10520.508119408172,55.56968846425956,1.7995422102162122,354334801920.0,2.8788000331577894,GFLOP/s,6,26928892.356539313,14964301.589404702
20260723_123534_compute-dgemm-hpc_c_p6_r3,hpc_tfg_main_campaign,compute-dgemm-hpc,p6,6,6,3,compute-0-4,9787,123.241616,124.013247,106,13122.320655,105.8185628679245,107.13577,hpm4,123.385918149,171.783542016,25,23665.102230352673,191.79743187366694,194.9,10542.781575352674,55.4500907169943,1.803423559942925,347892350976.0,2.822848014066937,GFLOP/s,6,26511495.955819562,14700648.557934223
20260723_123829_compute-dgemm-hpc_c_p6_r4,hpc_tfg_main_campaign,compute-dgemm-hpc,p6,6,6,4,compute-0-4,9788,122.430829,122.921508,105,12991.386542,105.69235110476194,107.080806,hpm4,122.577444671,170.759090432,24,23534.883694033768,192.00011680127454,194.9,10543.497152033768,55.200555528104836,1.811575971352063,339302416384.0,2.7713805350774847,GFLOP/s,6,26117490.637898073,14416999.922120506
20260723_124123_compute-dgemm-hpc_c_p6_r5,hpc_tfg_main_campaign,compute-dgemm-hpc,p6,6,6,5,compute-0-4,9789,123.793145,124.37821,106,13223.522361,106.32528400943391,107.257341,hpm4,123.949888908,171.768667392,25,23775.847284538773,191.81822181531803,195.1,10552.324923538774,55.617460033061114,1.797996527359506,358629769216.0,2.897008305395263,GFLOP/s,6,27120593.09353937,15083785.024528394
20260723_124424_compute-dgemm-hpc_c_p8_r1,hpc_tfg_main_campaign,compute-dgemm-hpc,p8,8,8,1,compute-0-4,9790,123.946859,125.07157,107,14220.837556,113.71718722429907,115.317416,hpm4,124.14176208,172.790530304,25,25055.9434693968,201.83331579625988,205.9,10835.1059133968,56.75634435146798,1.761917564329767,412316860416.0,3.3265615905280823,GFLOP/s,8,28993852.07041036,16455850.521837331
20260723_124720_compute-dgemm-hpc_c_p8_r2,hpc_tfg_main_campaign,compute-dgemm-hpc,p8,8,8,2,compute-0-4,9791,123.870963,124.56960600000001,106,14233.494203,114.27117829245277,115.57715,hpm4,124.030451581,171.81437184,25,25123.57324820463,202.55971761738925,205.9,10890.07904520463,56.653940354671285,1.7651022925143232,408021893120.0,3.2939268674289712,GFLOP/s,8,28666319.54885688,16240599.57908885
20260723_125016_compute-dgemm-hpc_c_p8_r3,hpc_tfg_main_campaign,compute-dgemm-hpc,p8,8,8,3,compute-0-4,9792,123.805009,124.436012,107,14216.032088,114.26515599065415,115.386687,hpm4,123.978388396,171.840290304,25,25240.15359375741,203.58510802009872,206.1,11024.121505757412,56.32308074193343,1.775471062355231,403726925824.0,3.260990238480577,GFLOP/s,8,28399410.139541887,15995422.703127006
20260723_125312_compute-dgemm-hpc_c_p8_r4,hpc_tfg_main_campaign,compute-dgemm-hpc,p8,8,8,4,compute-0-4,9793,123.513003,124.69203,107,14199.633022,113.89921671962615,118.97427,hpm4,123.68629363,172.315902464,25,25232.774991545397,204.0062342479734,210.6,11033.141969545397,56.27455968183361,1.777001909306484,405874409472.0,3.286086481696182,GFLOP/s,8,28583443.58922264,16085207.021740338
20260723_125607_compute-dgemm-hpc_c_p8_r5,hpc_tfg_main_campaign,compute-dgemm-hpc,p8,8,8,5,compute-0-4,9794,123.47331,123.479,106,14131.78859,114.45135001886788,115.46774,hpm4,123.658897686,171.25133312,25,25238.89027163506,204.10088351040244,206.3,11107.10168163506,55.99211549281994,1.7859657403518419,405874409472.0,3.2871428608498467,GFLOP/s,8,28720668.080132946,16081309.641737513
20260723_125902_compute-dgemm-hpc_c_p12_r1,hpc_tfg_main_campaign,compute-dgemm-hpc,p12,12,12,1,compute-0-4,9795,125.162459,126.329848,106,15959.415015,126.32401622641503,128.142322,hpm4,125.341380207,173.877057024,25,27942.99702745684,222.93513109006193,225.4,11983.58201245684,57.11418499353613,1.7508785253841486,515396075520.0,4.117816792973043,GFLOP/s,12,32294170.87252806,18444552.494264334
20260723_130159_compute-dgemm-hpc_c_p12_r2,hpc_tfg_main_campaign,compute-dgemm-hpc,p12,12,12,2,compute-0-4,9796,125.283833,125.437607,107,15836.196763,126.26258318691596,127.421018,hpm4,125.483532267,172.884652544,25,27719.08966053121,220.8982259245889,225.0,11882.892897531208,57.1310131643642,1.750362797038152,498216206336.0,3.976699901383126,GFLOP/s,12,31460597.12392827,17973757.884459045
20260723_130455_compute-dgemm-hpc_c_p12_r3,hpc_tfg_main_campaign,compute-dgemm-hpc,p12,12,12,3,compute-0-4,9797,124.202164,125.22777500000001,107,15728.252826,125.61140500934577,127.296198,hpm4,124.364822164,172.878088192,25,27466.181789190956,220.85169512783347,224.5,11737.928963190956,57.264067305451604,1.746295796045907,498216206336.0,4.011332736006113,GFLOP/s,12,31676513.077944085,18139259.76897408
20260723_130751_compute-dgemm-hpc_c_p12_r4,hpc_tfg_main_campaign,compute-dgemm-hpc,p12,12,12,4,compute-0-4,9798,124.879482,125.813563,107,15928.686579,126.62309026168226,128.633402,hpm4,125.054457342,173.33109248,25,27912.610833077433,223.20364604631231,225.8,11983.924254077434,57.06627256854075,1.7523485501859741,506806140928.0,4.058361972769875,GFLOP/s,12,31817195.875783075,18156887.722140875
20260723_131049_compute-dgemm-hpc_c_p12_r5,hpc_tfg_main_campaign,compute-dgemm-hpc,p12,12,12,5,compute-0-4,9799,125.511129,126.621714,108,15819.245757,124.9447861111111,126.921857,hpm4,125.744807276,173.867894272,25,27442.189661170225,218.2371602903392,223.8,11622.943904170224,57.6457125044351,1.734734391431215,496068722688.0,3.952388339108957,GFLOP/s,12,31358557.184592072,18076863.72016882
